[{"model": "admin.logentry", "pk": 5, "fields": {"action_time": "2026-05-12T00:15:17.173Z", "user": 6, "content_type": 14, "object_id": "7", "object_repr": "Sarita1560 - (Operador/Empleador)", "action_flag": 2, "change_message": "[{\"changed\": {\"fields\": [\"Rol\"]}}]"}}, {"model": "admin.logentry", "pk": 6, "fields": {"action_time": "2026-05-13T03:12:46.767Z", "user": 6, "content_type": 11, "object_id": "1", "object_repr": "Distribuidor: Sara Qui±onez Roa - (HUP-002)", "action_flag": 1, "change_message": "[{\"added\": {}}]"}}, {"model": "admin.logentry", "pk": 41, "fields": {"action_time": "2026-06-16T12:13:45.814Z", "user": 6, "content_type": 1, "object_id": "1", "object_repr": "Operador", "action_flag": 1, "change_message": "[{\"added\": {}}]"}}, {"model": "admin.logentry", "pk": 42, "fields": {"action_time": "2026-06-16T12:13:57.326Z", "user": 6, "content_type": 1, "object_id": "2", "object_repr": "Distribuidor", "action_flag": 1, "change_message": "[{\"added\": {}}]"}}, {"model": "admin.logentry", "pk": 43, "fields": {"action_time": "2026-06-16T12:50:33.988Z", "user": 6, "content_type": 1, "object_id": "1", "object_repr": "Operador", "action_flag": 2, "change_message": "[]"}}, {"model": "admin.logentry", "pk": 44, "fields": {"action_time": "2026-06-16T12:51:15.901Z", "user": 6, "content_type": 1, "object_id": "1", "object_repr": "Operador", "action_flag": 2, "change_message": "[]"}}, {"model": "admin.logentry", "pk": 45, "fields": {"action_time": "2026-06-16T12:51:18.566Z", "user": 6, "content_type": 1, "object_id": "1", "object_repr": "Operador", "action_flag": 2, "change_message": "[]"}}, {"model": "admin.logentry", "pk": 46, "fields": {"action_time": "2026-06-16T12:58:10.592Z", "user": 6, "content_type": 14, "object_id": "13", "object_repr": "Sandrix90 - (Operador/Empleador)", "action_flag": 2, "change_message": "[{\"changed\": {\"fields\": [\"Groups\"]}}]"}}, {"model": "admin.logentry", "pk": 47, "fields": {"action_time": "2026-06-18T04:56:51.810Z", "user": 6, "content_type": 14, "object_id": "7", "object_repr": "Sarita1560 - (Distribuidor)", "action_flag": 2, "change_message": "[{\"changed\": {\"fields\": [\"Groups\"]}}]"}}, {"model": "admin.logentry", "pk": 48, "fields": {"action_time": "2026-06-21T19:10:51.887Z", "user": 6, "content_type": 17, "object_id": "1", "object_repr": "Pedido 1 - Gabriel Mßrquez (Pendiente)", "action_flag": 2, "change_message": "[{\"changed\": {\"fields\": [\"Distribuidor\", \"Fecha despacho\", \"Fecha entrega real\", \"Novedad entrega\"]}}]"}}, {"model": "admin.logentry", "pk": 49, "fields": {"action_time": "2026-06-21T21:03:19.142Z", "user": 6, "content_type": 10, "object_id": "32", "object_repr": "Tomate Chonto", "action_flag": 2, "change_message": "[{\"changed\": {\"fields\": [\"Imagen\"]}}]"}}, {"model": "admin.logentry", "pk": 50, "fields": {"action_time": "2026-06-21T21:09:20.608Z", "user": 6, "content_type": 10, "object_id": "31", "object_repr": "Maracuyß", "action_flag": 2, "change_message": "[{\"changed\": {\"fields\": [\"Imagen\"]}}]"}}, {"model": "admin.logentry", "pk": 51, "fields": {"action_time": "2026-06-21T21:19:39.947Z", "user": 6, "content_type": 10, "object_id": "29", "object_repr": "Mora", "action_flag": 2, "change_message": "[{\"changed\": {\"fields\": [\"Imagen\"]}}]"}}, {"model": "admin.logentry", "pk": 52, "fields": {"action_time": "2026-06-21T21:21:17.423Z", "user": 6, "content_type": 10, "object_id": "28", "object_repr": "Fresa", "action_flag": 2, "change_message": "[{\"changed\": {\"fields\": [\"Imagen\"]}}]"}}, {"model": "admin.logentry", "pk": 53, "fields": {"action_time": "2026-06-21T21:23:23.139Z", "user": 6, "content_type": 10, "object_id": "27", "object_repr": "Yuca", "action_flag": 2, "change_message": "[{\"changed\": {\"fields\": [\"Imagen\"]}}]"}}, {"model": "admin.logentry", "pk": 54, "fields": {"action_time": "2026-06-21T21:24:25.736Z", "user": 6, "content_type": 10, "object_id": "28", "object_repr": "Fresa", "action_flag": 2, "change_message": "[{\"changed\": {\"fields\": [\"Imagen\"]}}]"}}, {"model": "admin.logentry", "pk": 55, "fields": {"action_time": "2026-06-21T21:24:40.664Z", "user": 6, "content_type": 10, "object_id": "28", "object_repr": "Fresa", "action_flag": 2, "change_message": "[{\"changed\": {\"fields\": [\"Imagen\"]}}]"}}, {"model": "admin.logentry", "pk": 56, "fields": {"action_time": "2026-06-21T22:03:53.140Z", "user": 6, "content_type": 10, "object_id": "26", "object_repr": "Piment¾n", "action_flag": 2, "change_message": "[{\"changed\": {\"fields\": [\"Imagen\"]}}]"}}, {"model": "admin.logentry", "pk": 57, "fields": {"action_time": "2026-06-21T22:06:42.428Z", "user": 6, "content_type": 10, "object_id": "23", "object_repr": "Br¾coli", "action_flag": 2, "change_message": "[{\"changed\": {\"fields\": [\"Imagen\"]}}]"}}, {"model": "admin.logentry", "pk": 58, "fields": {"action_time": "2026-06-21T22:07:30.904Z", "user": 6, "content_type": 10, "object_id": "25", "object_repr": "Repollo", "action_flag": 2, "change_message": "[{\"changed\": {\"fields\": [\"Imagen\"]}}]"}}, {"model": "admin.logentry", "pk": 59, "fields": {"action_time": "2026-06-21T22:10:54.071Z", "user": 6, "content_type": 10, "object_id": "24", "object_repr": "Coliflor", "action_flag": 2, "change_message": "[{\"changed\": {\"fields\": [\"Imagen\"]}}]"}}, {"model": "admin.logentry", "pk": 60, "fields": {"action_time": "2026-06-21T22:11:06.487Z", "user": 6, "content_type": 10, "object_id": "20", "object_repr": "Pepino", "action_flag": 2, "change_message": "[{\"changed\": {\"fields\": [\"Imagen\"]}}]"}}, {"model": "admin.logentry", "pk": 61, "fields": {"action_time": "2026-06-21T22:11:38.562Z", "user": 6, "content_type": 10, "object_id": "22", "object_repr": "Acelga", "action_flag": 2, "change_message": "[{\"changed\": {\"fields\": [\"Imagen\"]}}]"}}, {"model": "admin.logentry", "pk": 62, "fields": {"action_time": "2026-06-21T22:13:17.193Z", "user": 6, "content_type": 10, "object_id": "21", "object_repr": "Espinaca", "action_flag": 2, "change_message": "[{\"changed\": {\"fields\": [\"Imagen\"]}}]"}}, {"model": "admin.logentry", "pk": 63, "fields": {"action_time": "2026-06-21T22:13:31.575Z", "user": 6, "content_type": 10, "object_id": "19", "object_repr": "Zanahoria", "action_flag": 2, "change_message": "[{\"changed\": {\"fields\": [\"Imagen\"]}}]"}}, {"model": "admin.logentry", "pk": 64, "fields": {"action_time": "2026-06-21T22:13:43.267Z", "user": 6, "content_type": 10, "object_id": "18", "object_repr": "Cebolla", "action_flag": 2, "change_message": "[{\"changed\": {\"fields\": [\"Imagen\"]}}]"}}, {"model": "admin.logentry", "pk": 65, "fields": {"action_time": "2026-06-21T22:14:20.043Z", "user": 6, "content_type": 10, "object_id": "17", "object_repr": "Tomate", "action_flag": 2, "change_message": "[{\"changed\": {\"fields\": [\"Imagen\"]}}]"}}, {"model": "admin.logentry", "pk": 66, "fields": {"action_time": "2026-06-21T22:16:50.072Z", "user": 6, "content_type": 10, "object_id": "16", "object_repr": "Lechuga", "action_flag": 2, "change_message": "[{\"changed\": {\"fields\": [\"Imagen\"]}}]"}}, {"model": "admin.logentry", "pk": 67, "fields": {"action_time": "2026-06-21T22:17:03.058Z", "user": 6, "content_type": 10, "object_id": "15", "object_repr": "Huevo criollo extra grande", "action_flag": 2, "change_message": "[{\"changed\": {\"fields\": [\"Imagen\"]}}]"}}, {"model": "admin.logentry", "pk": 68, "fields": {"action_time": "2026-06-21T22:19:08.588Z", "user": 6, "content_type": 10, "object_id": "1", "object_repr": "Huevo tipo A blanco", "action_flag": 2, "change_message": "[{\"changed\": {\"fields\": [\"Imagen\"]}}]"}}, {"model": "admin.logentry", "pk": 69, "fields": {"action_time": "2026-06-21T22:20:14.059Z", "user": 6, "content_type": 10, "object_id": "2", "object_repr": "Huevo tipo A rojo", "action_flag": 2, "change_message": "[{\"changed\": {\"fields\": [\"Imagen\"]}}]"}}, {"model": "admin.logentry", "pk": 70, "fields": {"action_time": "2026-06-21T22:21:29.595Z", "user": 6, "content_type": 10, "object_id": "4", "object_repr": "Huevo tipo AA rojo", "action_flag": 2, "change_message": "[{\"changed\": {\"fields\": [\"Imagen\"]}}]"}}, {"model": "admin.logentry", "pk": 71, "fields": {"action_time": "2026-06-21T22:22:17.621Z", "user": 6, "content_type": 10, "object_id": "3", "object_repr": "Huevo tipo AA blanco", "action_flag": 2, "change_message": "[{\"changed\": {\"fields\": [\"Imagen\"]}}]"}}, {"model": "admin.logentry", "pk": 72, "fields": {"action_time": "2026-06-21T22:23:05.875Z", "user": 6, "content_type": 10, "object_id": "5", "object_repr": "Huevo tipo AAA blanco", "action_flag": 2, "change_message": "[{\"changed\": {\"fields\": [\"Imagen\"]}}]"}}, {"model": "admin.logentry", "pk": 73, "fields": {"action_time": "2026-06-21T22:24:24.174Z", "user": 6, "content_type": 10, "object_id": "6", "object_repr": "Huevo tipo AAA rojo", "action_flag": 2, "change_message": "[{\"changed\": {\"fields\": [\"Imagen\"]}}]"}}, {"model": "admin.logentry", "pk": 74, "fields": {"action_time": "2026-06-21T22:25:56.114Z", "user": 6, "content_type": 10, "object_id": "14", "object_repr": "Huevo rojo extra grande", "action_flag": 2, "change_message": "[{\"changed\": {\"fields\": [\"Imagen\"]}}]"}}, {"model": "admin.logentry", "pk": 75, "fields": {"action_time": "2026-06-21T22:27:31.478Z", "user": 6, "content_type": 10, "object_id": "13", "object_repr": "Huevo blanco extra grande", "action_flag": 2, "change_message": "[{\"changed\": {\"fields\": [\"Imagen\"]}}]"}}, {"model": "admin.logentry", "pk": 76, "fields": {"action_time": "2026-06-21T22:41:45.812Z", "user": 6, "content_type": 10, "object_id": "9", "object_repr": "Huevo tipo AAA cafÚ", "action_flag": 2, "change_message": "[{\"changed\": {\"fields\": [\"Imagen\"]}}]"}}, {"model": "admin.logentry", "pk": 77, "fields": {"action_time": "2026-06-21T22:46:25.130Z", "user": 6, "content_type": 10, "object_id": "12", "object_repr": "Huevo tipo AAA criollo", "action_flag": 2, "change_message": "[{\"changed\": {\"fields\": [\"Imagen\"]}}]"}}, {"model": "admin.logentry", "pk": 78, "fields": {"action_time": "2026-06-21T22:48:18.805Z", "user": 6, "content_type": 10, "object_id": "11", "object_repr": "Huevo tipo AA criollo", "action_flag": 2, "change_message": "[{\"changed\": {\"fields\": [\"Imagen\"]}}]"}}, {"model": "admin.logentry", "pk": 79, "fields": {"action_time": "2026-06-21T22:49:24.424Z", "user": 6, "content_type": 10, "object_id": "7", "object_repr": "Huevo tipo A cafÚ", "action_flag": 2, "change_message": "[{\"changed\": {\"fields\": [\"Imagen\"]}}]"}}, {"model": "admin.logentry", "pk": 80, "fields": {"action_time": "2026-06-21T22:50:03.316Z", "user": 6, "content_type": 10, "object_id": "10", "object_repr": "Huevo tipo A criollo", "action_flag": 2, "change_message": "[{\"changed\": {\"fields\": [\"Imagen\"]}}]"}}, {"model": "admin.logentry", "pk": 81, "fields": {"action_time": "2026-06-21T22:52:20.267Z", "user": 6, "content_type": 10, "object_id": "8", "object_repr": "Huevo tipo AA cafÚ", "action_flag": 2, "change_message": "[{\"changed\": {\"fields\": [\"Imagen\"]}}]"}}, {"model": "auth.permission", "pk": 1, "fields": {"name": "Can add permission", "content_type": 2, "codename": "add_permission"}}, {"model": "auth.permission", "pk": 2, "fields": {"name": "Can change permission", "content_type": 2, "codename": "change_permission"}}, {"model": "auth.permission", "pk": 3, "fields": {"name": "Can delete permission", "content_type": 2, "codename": "delete_permission"}}, {"model": "auth.permission", "pk": 4, "fields": {"name": "Can view permission", "content_type": 2, "codename": "view_permission"}}, {"model": "auth.permission", "pk": 5, "fields": {"name": "Can add group", "content_type": 1, "codename": "add_group"}}, {"model": "auth.permission", "pk": 6, "fields": {"name": "Can change group", "content_type": 1, "codename": "change_group"}}, {"model": "auth.permission", "pk": 7, "fields": {"name": "Can delete group", "content_type": 1, "codename": "delete_group"}}, {"model": "auth.permission", "pk": 8, "fields": {"name": "Can view group", "content_type": 1, "codename": "view_group"}}, {"model": "auth.permission", "pk": 9, "fields": {"name": "Can add content type", "content_type": 3, "codename": "add_contenttype"}}, {"model": "auth.permission", "pk": 10, "fields": {"name": "Can change content type", "content_type": 3, "codename": "change_contenttype"}}, {"model": "auth.permission", "pk": 11, "fields": {"name": "Can delete content type", "content_type": 3, "codename": "delete_contenttype"}}, {"model": "auth.permission", "pk": 12, "fields": {"name": "Can view content type", "content_type": 3, "codename": "view_contenttype"}}, {"model": "auth.permission", "pk": 13, "fields": {"name": "Can add merma", "content_type": 4, "codename": "add_merma"}}, {"model": "auth.permission", "pk": 14, "fields": {"name": "Can change merma", "content_type": 4, "codename": "change_merma"}}, {"model": "auth.permission", "pk": 15, "fields": {"name": "Can delete merma", "content_type": 4, "codename": "delete_merma"}}, {"model": "auth.permission", "pk": 16, "fields": {"name": "Can view merma", "content_type": 4, "codename": "view_merma"}}, {"model": "auth.permission", "pk": 17, "fields": {"name": "Can add lote", "content_type": 5, "codename": "add_lote"}}, {"model": "auth.permission", "pk": 18, "fields": {"name": "Can change lote", "content_type": 5, "codename": "change_lote"}}, {"model": "auth.permission", "pk": 19, "fields": {"name": "Can delete lote", "content_type": 5, "codename": "delete_lote"}}, {"model": "auth.permission", "pk": 20, "fields": {"name": "Can view lote", "content_type": 5, "codename": "view_lote"}}, {"model": "auth.permission", "pk": 21, "fields": {"name": "Can add produccion", "content_type": 6, "codename": "add_produccion"}}, {"model": "auth.permission", "pk": 22, "fields": {"name": "Can change produccion", "content_type": 6, "codename": "change_produccion"}}, {"model": "auth.permission", "pk": 23, "fields": {"name": "Can delete produccion", "content_type": 6, "codename": "delete_produccion"}}, {"model": "auth.permission", "pk": 24, "fields": {"name": "Can view produccion", "content_type": 6, "codename": "view_produccion"}}, {"model": "auth.permission", "pk": 25, "fields": {"name": "Can add categoria", "content_type": 7, "codename": "add_categoria"}}, {"model": "auth.permission", "pk": 26, "fields": {"name": "Can change categoria", "content_type": 7, "codename": "change_categoria"}}, {"model": "auth.permission", "pk": 27, "fields": {"name": "Can delete categoria", "content_type": 7, "codename": "delete_categoria"}}, {"model": "auth.permission", "pk": 28, "fields": {"name": "Can view categoria", "content_type": 7, "codename": "view_categoria"}}, {"model": "auth.permission", "pk": 29, "fields": {"name": "Can add producto", "content_type": 10, "codename": "add_producto"}}, {"model": "auth.permission", "pk": 30, "fields": {"name": "Can change producto", "content_type": 10, "codename": "change_producto"}}, {"model": "auth.permission", "pk": 31, "fields": {"name": "Can delete producto", "content_type": 10, "codename": "delete_producto"}}, {"model": "auth.permission", "pk": 32, "fields": {"name": "Can view producto", "content_type": 10, "codename": "view_producto"}}, {"model": "auth.permission", "pk": 33, "fields": {"name": "Can add detalle_ agricola", "content_type": 8, "codename": "add_detalle_agricola"}}, {"model": "auth.permission", "pk": 34, "fields": {"name": "Can change detalle_ agricola", "content_type": 8, "codename": "change_detalle_agricola"}}, {"model": "auth.permission", "pk": 35, "fields": {"name": "Can delete detalle_ agricola", "content_type": 8, "codename": "delete_detalle_agricola"}}, {"model": "auth.permission", "pk": 36, "fields": {"name": "Can view detalle_ agricola", "content_type": 8, "codename": "view_detalle_agricola"}}, {"model": "auth.permission", "pk": 37, "fields": {"name": "Can add detalle_ avicola", "content_type": 9, "codename": "add_detalle_avicola"}}, {"model": "auth.permission", "pk": 38, "fields": {"name": "Can change detalle_ avicola", "content_type": 9, "codename": "change_detalle_avicola"}}, {"model": "auth.permission", "pk": 39, "fields": {"name": "Can delete detalle_ avicola", "content_type": 9, "codename": "delete_detalle_avicola"}}, {"model": "auth.permission", "pk": 40, "fields": {"name": "Can view detalle_ avicola", "content_type": 9, "codename": "view_detalle_avicola"}}, {"model": "auth.permission", "pk": 41, "fields": {"name": "Can add rol", "content_type": 12, "codename": "add_rol"}}, {"model": "auth.permission", "pk": 42, "fields": {"name": "Can change rol", "content_type": 12, "codename": "change_rol"}}, {"model": "auth.permission", "pk": 43, "fields": {"name": "Can delete rol", "content_type": 12, "codename": "delete_rol"}}, {"model": "auth.permission", "pk": 44, "fields": {"name": "Can view rol", "content_type": 12, "codename": "view_rol"}}, {"model": "auth.permission", "pk": 45, "fields": {"name": "Can add tipo documento", "content_type": 13, "codename": "add_tipodocumento"}}, {"model": "auth.permission", "pk": 46, "fields": {"name": "Can change tipo documento", "content_type": 13, "codename": "change_tipodocumento"}}, {"model": "auth.permission", "pk": 47, "fields": {"name": "Can delete tipo documento", "content_type": 13, "codename": "delete_tipodocumento"}}, {"model": "auth.permission", "pk": 48, "fields": {"name": "Can view tipo documento", "content_type": 13, "codename": "view_tipodocumento"}}, {"model": "auth.permission", "pk": 49, "fields": {"name": "Can add user", "content_type": 14, "codename": "add_usuario"}}, {"model": "auth.permission", "pk": 50, "fields": {"name": "Can change user", "content_type": 14, "codename": "change_usuario"}}, {"model": "auth.permission", "pk": 51, "fields": {"name": "Can delete user", "content_type": 14, "codename": "delete_usuario"}}, {"model": "auth.permission", "pk": 52, "fields": {"name": "Can view user", "content_type": 14, "codename": "view_usuario"}}, {"model": "auth.permission", "pk": 53, "fields": {"name": "Can add distribuidor", "content_type": 11, "codename": "add_distribuidor"}}, {"model": "auth.permission", "pk": 54, "fields": {"name": "Can change distribuidor", "content_type": 11, "codename": "change_distribuidor"}}, {"model": "auth.permission", "pk": 55, "fields": {"name": "Can delete distribuidor", "content_type": 11, "codename": "delete_distribuidor"}}, {"model": "auth.permission", "pk": 56, "fields": {"name": "Can view distribuidor", "content_type": 11, "codename": "view_distribuidor"}}, {"model": "auth.permission", "pk": 57, "fields": {"name": "Can add pedido", "content_type": 17, "codename": "add_pedido"}}, {"model": "auth.permission", "pk": 58, "fields": {"name": "Can change pedido", "content_type": 17, "codename": "change_pedido"}}, {"model": "auth.permission", "pk": 59, "fields": {"name": "Can delete pedido", "content_type": 17, "codename": "delete_pedido"}}, {"model": "auth.permission", "pk": 60, "fields": {"name": "Can view pedido", "content_type": 17, "codename": "view_pedido"}}, {"model": "auth.permission", "pk": 61, "fields": {"name": "Can add detalle_ pedido", "content_type": 15, "codename": "add_detalle_pedido"}}, {"model": "auth.permission", "pk": 62, "fields": {"name": "Can change detalle_ pedido", "content_type": 15, "codename": "change_detalle_pedido"}}, {"model": "auth.permission", "pk": 63, "fields": {"name": "Can delete detalle_ pedido", "content_type": 15, "codename": "delete_detalle_pedido"}}, {"model": "auth.permission", "pk": 64, "fields": {"name": "Can view detalle_ pedido", "content_type": 15, "codename": "view_detalle_pedido"}}, {"model": "auth.permission", "pk": 65, "fields": {"name": "Can add evidencia_ entrega", "content_type": 16, "codename": "add_evidencia_entrega"}}, {"model": "auth.permission", "pk": 66, "fields": {"name": "Can change evidencia_ entrega", "content_type": 16, "codename": "change_evidencia_entrega"}}, {"model": "auth.permission", "pk": 67, "fields": {"name": "Can delete evidencia_ entrega", "content_type": 16, "codename": "delete_evidencia_entrega"}}, {"model": "auth.permission", "pk": 68, "fields": {"name": "Can view evidencia_ entrega", "content_type": 16, "codename": "view_evidencia_entrega"}}, {"model": "auth.permission", "pk": 69, "fields": {"name": "Can add log entry", "content_type": 18, "codename": "add_logentry"}}, {"model": "auth.permission", "pk": 70, "fields": {"name": "Can change log entry", "content_type": 18, "codename": "change_logentry"}}, {"model": "auth.permission", "pk": 71, "fields": {"name": "Can delete log entry", "content_type": 18, "codename": "delete_logentry"}}, {"model": "auth.permission", "pk": 72, "fields": {"name": "Can view log entry", "content_type": 18, "codename": "view_logentry"}}, {"model": "auth.permission", "pk": 73, "fields": {"name": "Can add session", "content_type": 19, "codename": "add_session"}}, {"model": "auth.permission", "pk": 74, "fields": {"name": "Can change session", "content_type": 19, "codename": "change_session"}}, {"model": "auth.permission", "pk": 75, "fields": {"name": "Can delete session", "content_type": 19, "codename": "delete_session"}}, {"model": "auth.permission", "pk": 76, "fields": {"name": "Can view session", "content_type": 19, "codename": "view_session"}}, {"model": "auth.permission", "pk": 77, "fields": {"name": "Can add carrito item", "content_type": 20, "codename": "add_carritoitem"}}, {"model": "auth.permission", "pk": 78, "fields": {"name": "Can change carrito item", "content_type": 20, "codename": "change_carritoitem"}}, {"model": "auth.permission", "pk": 79, "fields": {"name": "Can delete carrito item", "content_type": 20, "codename": "delete_carritoitem"}}, {"model": "auth.permission", "pk": 80, "fields": {"name": "Can view carrito item", "content_type": 20, "codename": "view_carritoitem"}}, {"model": "auth.permission", "pk": 81, "fields": {"name": "Can add detalle pedido", "content_type": 15, "codename": "add_detallepedido"}}, {"model": "auth.permission", "pk": 82, "fields": {"name": "Can change detalle pedido", "content_type": 15, "codename": "change_detallepedido"}}, {"model": "auth.permission", "pk": 83, "fields": {"name": "Can delete detalle pedido", "content_type": 15, "codename": "delete_detallepedido"}}, {"model": "auth.permission", "pk": 84, "fields": {"name": "Can view detalle pedido", "content_type": 15, "codename": "view_detallepedido"}}, {"model": "auth.permission", "pk": 85, "fields": {"name": "Can add evidencia entrega", "content_type": 16, "codename": "add_evidenciaentrega"}}, {"model": "auth.permission", "pk": 86, "fields": {"name": "Can change evidencia entrega", "content_type": 16, "codename": "change_evidenciaentrega"}}, {"model": "auth.permission", "pk": 87, "fields": {"name": "Can delete evidencia entrega", "content_type": 16, "codename": "delete_evidenciaentrega"}}, {"model": "auth.permission", "pk": 88, "fields": {"name": "Can view evidencia entrega", "content_type": 16, "codename": "view_evidenciaentrega"}}, {"model": "auth.group", "pk": 1, "fields": {"name": "Operador", "permissions": []}}, {"model": "auth.group", "pk": 2, "fields": {"name": "Distribuidor", "permissions": []}}, {"model": "contenttypes.contenttype", "pk": 1, "fields": {"app_label": "auth", "model": "group"}}, {"model": "contenttypes.contenttype", "pk": 2, "fields": {"app_label": "auth", "model": "permission"}}, {"model": "contenttypes.contenttype", "pk": 3, "fields": {"app_label": "contenttypes", "model": "contenttype"}}, {"model": "contenttypes.contenttype", "pk": 4, "fields": {"app_label": "inventario", "model": "merma"}}, {"model": "contenttypes.contenttype", "pk": 5, "fields": {"app_label": "produccion", "model": "lote"}}, {"model": "contenttypes.contenttype", "pk": 6, "fields": {"app_label": "produccion", "model": "produccion"}}, {"model": "contenttypes.contenttype", "pk": 7, "fields": {"app_label": "productos", "model": "categoria"}}, {"model": "contenttypes.contenttype", "pk": 8, "fields": {"app_label": "productos", "model": "detalle_agricola"}}, {"model": "contenttypes.contenttype", "pk": 9, "fields": {"app_label": "productos", "model": "detalle_avicola"}}, {"model": "contenttypes.contenttype", "pk": 10, "fields": {"app_label": "productos", "model": "producto"}}, {"model": "contenttypes.contenttype", "pk": 11, "fields": {"app_label": "usuarios", "model": "distribuidor"}}, {"model": "contenttypes.contenttype", "pk": 12, "fields": {"app_label": "usuarios", "model": "rol"}}, {"model": "contenttypes.contenttype", "pk": 13, "fields": {"app_label": "usuarios", "model": "tipodocumento"}}, {"model": "contenttypes.contenttype", "pk": 14, "fields": {"app_label": "usuarios", "model": "usuario"}}, {"model": "contenttypes.contenttype", "pk": 15, "fields": {"app_label": "ventas", "model": "detallepedido"}}, {"model": "contenttypes.contenttype", "pk": 16, "fields": {"app_label": "ventas", "model": "evidenciaentrega"}}, {"model": "contenttypes.contenttype", "pk": 17, "fields": {"app_label": "ventas", "model": "pedido"}}, {"model": "contenttypes.contenttype", "pk": 18, "fields": {"app_label": "admin", "model": "logentry"}}, {"model": "contenttypes.contenttype", "pk": 19, "fields": {"app_label": "sessions", "model": "session"}}, {"model": "contenttypes.contenttype", "pk": 20, "fields": {"app_label": "productos", "model": "carritoitem"}}, {"model": "sessions.session", "pk": "17gcbfkzsh3fki3mutocb2jmmcfbku68", "fields": {"session_data": ".eJxVjMsOgjAQAP9lz6bZ0geFo3e_gWx3W0FNm1A4Gf_dkHDQ68xk3jDRvs3T3tI6LQIjaLj8skj8TOUQ8qByr4pr2dYlqiNRp23qViW9rmf7N5ipzTCCj0P0OKCTPkcTs1h2yRoMTIzaYtCdFxdkyCiMfebOJUPOByLRGnv4fAHpYjfw:1wLwRB:ok3gcvSZSzr5USnXFdlplEH3yoXPnIbMHIqeq2OgOW8", "expire_date": "2026-05-24T05:10:45.606Z"}}, {"model": "sessions.session", "pk": "1hawyc1fospibybelbaaspm48is6ypu9", "fields": {"session_data": ".eJxVjLsOwjAMAP_FM4rAeXdk5xsix3FoATVS006If0eVOsB6d7o3JNrWMW1dljQVGMDB6Zdl4qfMuygPmu9NcZvXZcpqT9Rhu7q1Iq_r0f4NRuojDCB8iefKjkyIyGScIWORQ9bZiTgtOtiIJaCgVB81Vk-lsBXLhGg8fL7x5ThE:1wMuwp:XPl4uQEaOPpJXpYOvXpexwLYeDip1W3bKYwUdL3tiiE", "expire_date": "2026-05-26T21:47:27.626Z"}}, {"model": "sessions.session", "pk": "3foznyodm5sivp24tsrgafv547kkzr4b", "fields": {"session_data": ".eJxVjMsOgjAQAP9lz6bZ0geFo3e_gWx3W0FNm1A4Gf_dkHDQ68xk3jDRvs3T3tI6LQIjaLj8skj8TOUQ8qByr4pr2dYlqiNRp23qViW9rmf7N5ipzTCCj0P0OKCTPkcTs1h2yRoMTIzaYtCdFxdkyCiMfebOJUPOByLRGnv4fAHpYjfw:1wLsb9:PKI_GIXh6hGI0MMieFAM5lzghjf357FH9mVd5FPJmRc", "expire_date": "2026-05-24T01:04:47.990Z"}}, {"model": "sessions.session", "pk": "4makyvl7pu933c174mux4nr4syog3hza", "fields": {"session_data": ".eJxVjLsOwjAMAP_FM4rAeXdk5xsix3FoATVS006If0eVOsB6d7o3JNrWMW1dljQVGMDB6Zdl4qfMuygPmu9NcZvXZcpqT9Rhu7q1Iq_r0f4NRuojDCB8iefKjkyIyGScIWORQ9bZiTgtOtiIJaCgVB81Vk-lsBXLhGg8fL7x5ThE:1wMcNB:OVrbBqqREv0Ax1WUfQnJsi8I-dHiqBtMbztB7HlTUpQ", "expire_date": "2026-05-26T01:57:25.124Z"}}, {"model": "sessions.session", "pk": "4n14h3k8rkayuiy7smei518av4utlhcr", "fields": {"session_data": ".eJxVjEEOwiAQRe_C2hCwZQCX7nsGMp0ZpGpoUtqV8e7apAvd_vfef6mE21rS1mRJE6uLAnX63Uakh9Qd8B3rbdY013WZRr0r-qBNDzPL83q4fwcFW_nW5DmaPkdkjE4cOEPWkKBFf3ZsmSHkgNYIUuwcWUTwECGK6TiH3Kv3B_xtOGw:1wZIkb:ik9b8FUUwq7X3H4HyDoiAd2oTDITN4rgA897cKITYbM", "expire_date": "2026-06-30T01:38:01.104Z"}}, {"model": "sessions.session", "pk": "5klgf06u666e3eg22veqhdl8vb8lpxzr", "fields": {"session_data": ".eJxVjMsOgjAQAP9lz6bZ0geFo3e_gWx3W0FNm1A4Gf_dkHDQ68xk3jDRvs3T3tI6LQIjaLj8skj8TOUQ8qByr4pr2dYlqiNRp23qViW9rmf7N5ipzTCCj0P0OKCTPkcTs1h2yRoMTIzaYtCdFxdkyCiMfebOJUPOByLRGnv4fAHpYjfw:1wLvR5:NVKeJpNTc3hfPGKEJ45Gxpg8IxslXYUcZP_HtavVk4A", "expire_date": "2026-05-24T04:06:35.504Z"}}, {"model": "sessions.session", "pk": "5wzqt4vi1zdjefyg2ptu2smzyp8x6lyb", "fields": {"session_data": ".eJxVjDEOgzAMAP_iuYrAoXHC2J03INsxhbYCicBU9e8VEkO73p3uDT3v29jvxdZ-ytBCgMsvE9anzYfID57vi9Nl3tZJ3JG40xbXLdlet7P9G4xcRmghUUPBhhwJWX09eI8UyLRJKDHkWNVSIVbChkxXjBRFGjXNKYmnoPD5AtOJN7U:1wa62U:W3_SbLNU0cV4qaNC1z7bfSuM9yNmYUVcnBrWpR0TUNA", "expire_date": "2026-07-02T06:15:46.101Z"}}, {"model": "sessions.session", "pk": "6frbepoj9uwrp7o75gjoc5hv0ey23fvo", "fields": {"session_data": ".eJxVjMsOgjAQAP9lz6bZ0geFo3e_gWx3W0FNm1A4Gf_dkHDQ68xk3jDRvs3T3tI6LQIjaLj8skj8TOUQ8qByr4pr2dYlqiNRp23qViW9rmf7N5ipzTCCj0P0OKCTPkcTs1h2yRoMTIzaYtCdFxdkyCiMfebOJUPOByLRGnv4fAHpYjfw:1wLrzj:rL4EAiH1NvlzmuCsbRxmr-D_ejeoIKEm4GKLhWTKphg", "expire_date": "2026-05-24T00:26:07.953Z"}}, {"model": "sessions.session", "pk": "7x1n8cfni3aq34tlqyvtmmhc3gaxh96l", "fields": {"session_data": ".eJxVjEEOwiAQRe_C2hAQKINL9z0DGRhGqoYmpV0Z765NutDtf-_9l4i4rTVuvSxxInER2ojT75gwP0rbCd2x3WaZ57YuU5K7Ig_a5ThTeV4P9--gYq_f2gAAF7CsDVv0g9IYiIJNlszAniA7f9YqFMeWnOJkVUA2msDrDD6I9wcAVDfH:1wZVOY:UZ8z2meZnkwEP54nd_i5Phf3bhChMXwwxHlfJr0jrFs", "expire_date": "2026-06-30T15:08:06.551Z"}}, {"model": "sessions.session", "pk": "8v2un75su78spy2w7urxg2kqbu4pwozu", "fields": {"session_data": ".eJxVjDEOgzAMAP_iuYrAoXHC2J03INsxhbYCicBU9e8VEkO73p3uDT3v29jvxdZ-ytBCgMsvE9anzYfID57vi9Nl3tZJ3JG40xbXLdlet7P9G4xcRmghUUPBhhwJWX09eI8UyLRJKDHkWNVSIVbChkxXjBRFGjXNKYmnoPD5AtOJN7U:1wbMJX:UaSCue3qowVJp57RkHdhqlsWYj49RBUcbCH-d8R8pNI", "expire_date": "2026-07-05T17:50:35.996Z"}}, {"model": "sessions.session", "pk": "9dxa9y97qbmg0qtat3nbfeps6l0a7jp1", "fields": {"session_data": ".eJxVjEEOwiAQRe_C2hCwZQCX7nsGMp0ZpGpoUtqV8e7apAvd_vfef6mE21rS1mRJE6uLAnX63Uakh9Qd8B3rbdY013WZRr0r-qBNDzPL83q4fwcFW_nW5DmaPkdkjE4cOEPWkKBFf3ZsmSHkgNYIUuwcWUTwECGK6TiH3Kv3B_xtOGw:1wZScc:9P2k9oM5yP29eMAGmfXXA0wLyessZPrzpah45TS-K-Y", "expire_date": "2026-06-30T12:10:26.694Z"}}, {"model": "sessions.session", "pk": "aeun63no4tu3g6gvym9pr1qhjgcjmimv", "fields": {"session_data": ".eJxVjEEOwiAQRe_C2hCwZQCX7nsGMp0ZpGpoUtqV8e7apAvd_vfef6mE21rS1mRJE6uLAnX63Uakh9Qd8B3rbdY013WZRr0r-qBNDzPL83q4fwcFW_nW5DmaPkdkjE4cOEPWkKBFf3ZsmSHkgNYIUuwcWUTwECGK6TiH3Kv3B_xtOGw:1wZIGu:lLjIJFfDzzp-QpdM9HlLJCyN_VgJOhUC4uO3tNoAa3c", "expire_date": "2026-06-30T01:07:20.320Z"}}, {"model": "sessions.session", "pk": "bs309szj89dg6w9jpz5ddh672r2r5cp9", "fields": {"session_data": ".eJxVjEEOwiAQRe_C2hCwZQCX7nsGMp0ZpGpoUtqV8e7apAvd_vfef6mE21rS1mRJE6uLAnX63Uakh9Qd8B3rbdY013WZRr0r-qBNDzPL83q4fwcFW_nW5DmaPkdkjE4cOEPWkKBFf3ZsmSHkgNYIUuwcWUTwECGK6TiH3Kv3B_xtOGw:1wZJYT:6WfrwVv49Nw2ssIHcWiPjSue6C9IZZ4dH_Xr1zjT9Mg", "expire_date": "2026-06-30T02:29:33.516Z"}}, {"model": "sessions.session", "pk": "dd3gy47upzgvvtqoh4hgfya1ryk728m7", "fields": {"session_data": ".eJxVjEEOwiAQRe_C2hCwZQCX7nsGMp0ZpGpoUtqV8e7apAvd_vfef6mE21rS1mRJE6uLAnX63Uakh9Qd8B3rbdY013WZRr0r-qBNDzPL83q4fwcFW_nW5DmaPkdkjE4cOEPWkKBFf3ZsmSHkgNYIUuwcWUTwECGK6TiH3Kv3B_xtOGw:1wZJHo:Tj_dKxgM1Nrjk4VV9DQy7e2CPOHMOO1dbBG59NbPyV0", "expire_date": "2026-06-30T02:12:20.885Z"}}, {"model": "sessions.session", "pk": "gsk5u7jmnap8k9iexubfzbt35g4nsv2q", "fields": {"session_data": ".eJxVjEEOwiAQRe_C2hCwZQCX7nsGMp0ZpGpoUtqV8e7apAvd_vfef6mE21rS1mRJE6uLAnX63Uakh9Qd8B3rbdY013WZRr0r-qBNDzPL83q4fwcFW_nW5DmaPkdkjE4cOEPWkKBFf3ZsmSHkgNYIUuwcWUTwECGK6TiH3Kv3B_xtOGw:1wZJgO:imJ1W_cZ0ExBluOY_79mBhARzOmywzePio6l0muL09A", "expire_date": "2026-06-30T02:37:44.165Z"}}, {"model": "sessions.session", "pk": "hc6nl34wrafzw8t4616m2bij2bqc3zsh", "fields": {"session_data": ".eJxVjEEOwiAQAP-yZ0MAKQs9eu8bCCyLVA1NSnsy_t006UGvM5N5Q4j7VsPeeQ1zhhEUXH5ZivTkdoj8iO2-CFrats5JHIk4bRfTkvl1O9u_QY29wggGpSYpVXboOVk20gzJU-FkWOWI6uoLy-LRsipWD-RVIXSErKP07ODzBd_4OBQ:1wMa5V:i-cGdhyyUtHemASum_lhoJ1SR4IdUeEoYelcvnNmq9w", "expire_date": "2026-05-25T23:31:01.138Z"}}, {"model": "sessions.session", "pk": "huz6ha02qg0ps77zj9uju9kc3j931j3g", "fields": {"session_data": ".eJxVjMsOgjAQAP9lz6bZ0geFo3e_gWx3W0FNm1A4Gf_dkHDQ68xk3jDRvs3T3tI6LQIjaLj8skj8TOUQ8qByr4pr2dYlqiNRp23qViW9rmf7N5ipzTCCj0P0OKCTPkcTs1h2yRoMTIzaYtCdFxdkyCiMfebOJUPOByLRGnv4fAHpYjfw:1wMGsn:xM8408Gjdlgc5_5dUbItQPlRyZxodyQczaRQFi6VBBo", "expire_date": "2026-05-25T03:00:37.491Z"}}, {"model": "sessions.session", "pk": "k4y5fofg1gyf2teuwpl9h6mqmwne6wow", "fields": {"session_data": ".eJxVjDEOgzAMAP_iuYowBidh7N43ICcxhbZKJAJT1b9XSAztene6N4yyb_O4V13HJcEAFi6_LEh8aj5Eeki-FxNL3tYlmCMxp63mVpK-rmf7N5ilzjAAtWytInfEbPtJtUkYfEjO9b0THzuiJk1NaAlJQkRSRrHRoWfnIxJ8vsf-Nxw:1wbCmZ:U29SKeYsOQqnPTAXp4KV1jN_s9x7TO0tQFomWrOrqdA", "expire_date": "2026-07-05T07:39:55.289Z"}}, {"model": "sessions.session", "pk": "kdqsxy8v0gzjrhftvhoxcer1t2dm6gxq", "fields": {"session_data": ".eJxVjMsOgjAQAP9lz6bZ0geFo3e_gWx3W0FNm1A4Gf_dkHDQ68xk3jDRvs3T3tI6LQIjaLj8skj8TOUQ8qByr4pr2dYlqiNRp23qViW9rmf7N5ipzTCCj0P0OKCTPkcTs1h2yRoMTIzaYtCdFxdkyCiMfebOJUPOByLRGnv4fAHpYjfw:1wLurG:zMj40IQgjAGYjdI-AGO6-WtF_0qX50wGWkUUjYapYg0", "expire_date": "2026-05-24T03:29:34.040Z"}}, {"model": "sessions.session", "pk": "kwy56vgglprd08oh0ajr979hcos3myvv", "fields": {"session_data": ".eJxVjLsOgzAMAP_FcxUF8rIZu_cbkJ2YQluBRGCq-u8VEkO73p3uDT3v29jvVdd-KtCBh8svE85PnQ9RHjzfF5OXeVsnMUdiTlvNbSn6up7t32DkOkIHg1rvCgnGiJg4WRedTaGgJ8wklCk0rcvRqhI2TGFovTBLaAPaIgKfL8P9N10:1wMHU8:tXPQn0jygJCijQjdOXHqfr-xLs9RcV0p_mLAFW7tFXw", "expire_date": "2026-05-25T03:39:12.768Z"}}, {"model": "sessions.session", "pk": "m1auweq35v08uakbhz7stoo8voax2of4", "fields": {"session_data": "e30:1wMHOC:ZtjpRzlTVA9LWvrqD8utIiJPHpERx_yJ9U4bVfxZOoM", "expire_date": "2026-05-25T03:33:04.417Z"}}, {"model": "sessions.session", "pk": "mdr81p3gatjv5pep2h5np7ooqpplqqhn", "fields": {"session_data": ".eJxVjEEOwiAQRe_C2hCwZQCX7nsGMp0ZpGpoUtqV8e7apAvd_vfef6mE21rS1mRJE6uLAnX63Uakh9Qd8B3rbdY013WZRr0r-qBNDzPL83q4fwcFW_nW5DmaPkdkjE4cOEPWkKBFf3ZsmSHkgNYIUuwcWUTwECGK6TiH3Kv3B_xtOGw:1wZSeD:be_fQXyKz71xbgZiabAxHw89fHe0vFc_ELUVHkd-_cA", "expire_date": "2026-06-30T12:12:05.185Z"}}, {"model": "sessions.session", "pk": "mqcf2cbji1gvt3f4935arb264zcioodb", "fields": {"session_data": ".eJxVjMsOgjAQAP9lz6bZ0geFo3e_gWx3W0FNm1A4Gf_dkHDQ68xk3jDRvs3T3tI6LQIjaLj8skj8TOUQ8qByr4pr2dYlqiNRp23qViW9rmf7N5ipzTCCj0P0OKCTPkcTs1h2yRoMTIzaYtCdFxdkyCiMfebOJUPOByLRGnv4fAHpYjfw:1wLrzj:rL4EAiH1NvlzmuCsbRxmr-D_ejeoIKEm4GKLhWTKphg", "expire_date": "2026-05-24T00:26:07.860Z"}}, {"model": "sessions.session", "pk": "p9agiw5nahzybrhbraf9x1b6baq6xvj3", "fields": {"session_data": ".eJxVjLsOwjAMAP_FM4ryIiUd2fmGyLEdUkCp1LQT4t9RpQ6w3p3uDQm3taaty5ImhhEinH5ZRnpK2wU_sN1nRXNblymrPVGH7eo2s7yuR_s3qNgrjOBN9DGSDZdSbCHhQJldcGyMQW21psKY0buIxGQG60UHPbizxSjeI3y-8wE4Hw:1wSRHJ:rd7bwvp4eEFip58nVhwmjhhD39gFq7HOrwwjafKm3Oc", "expire_date": "2026-06-11T03:19:25.406Z"}}, {"model": "sessions.session", "pk": "rb7fwe91sqow6agosa96q5pj4j8hsipv", "fields": {"session_data": ".eJxVjEEOwiAQRe_C2hCwZQCX7nsGMp0ZpGpoUtqV8e7apAvd_vfef6mE21rS1mRJE6uLAnX63Uakh9Qd8B3rbdY013WZRr0r-qBNDzPL83q4fwcFW_nW5DmaPkdkjE4cOEPWkKBFf3ZsmSHkgNYIUuwcWUTwECGK6TiH3Kv3B_xtOGw:1wZSdU:XmutP8W_rXS1q9n9uFjXKcOu1pWJ-LEMf6gfhSceW3A", "expire_date": "2026-06-30T12:11:20.256Z"}}, {"model": "sessions.session", "pk": "se2iezchhkzi3aahlxvyjyu0x7tdvznm", "fields": {"session_data": "e30:1wMHLs:_cMHPh80Y0KdZaNh8c2kdhecW2wKXRjPrNq9MN2izTE", "expire_date": "2026-05-25T03:30:40.956Z"}}, {"model": "sessions.session", "pk": "sxi2thgfik3ousabcmubkfpxnwrzour3", "fields": {"session_data": ".eJxVjDEOgzAMAP_iuYowBidh7N43ICcxhbZKJAJT1b9XSAztene6N4yyb_O4V13HJcEAFi6_LEh8aj5Eeki-FxNL3tYlmCMxp63mVpK-rmf7N5ilzjAAtWytInfEbPtJtUkYfEjO9b0THzuiJk1NaAlJQkRSRrHRoWfnIxJ8vsf-Nxw:1wa5ak:IdnbCDZwKobrW4Z3Uni8EvVUXwTC3o4q-acD4Hl0aqs", "expire_date": "2026-07-02T05:47:06.196Z"}}, {"model": "sessions.session", "pk": "tbixbsopbm53eey11fl5tlo5cwb6uxlv", "fields": {"session_data": ".eJxVjLsOwjAMAP_FM4ryIiUd2fmGyLEdUkCp1LQT4t9RpQ6w3p3uDQm3taaty5ImhhEinH5ZRnpK2wU_sN1nRXNblymrPVGH7eo2s7yuR_s3qNgrjOBN9DGSDZdSbCHhQJldcGyMQW21psKY0buIxGQG60UHPbizxSjeI3y-8wE4Hw:1wRh4w:ABSUKU36KCwmxWOrfRJHq4wzd2W4HDhXDJcAlQgqbHA", "expire_date": "2026-06-09T01:59:34.611Z"}}, {"model": "sessions.session", "pk": "up38zkr5zih0sp0bppebbkcmyxdwm9io", "fields": {"session_data": ".eJxVjEEOwiAQRe_C2hCwZQCX7nsGMp0ZpGpoUtqV8e7apAvd_vfef6mE21rS1mRJE6uLAnX63Uakh9Qd8B3rbdY013WZRr0r-qBNDzPL83q4fwcFW_nW5DmaPkdkjE4cOEPWkKBFf3ZsmSHkgNYIUuwcWUTwECGK6TiH3Kv3B_xtOGw:1wZIT1:lC881FhN5OxddV3t1ZpX0ZBeDTnJcTjlmgbcVPqWNFs", "expire_date": "2026-06-30T01:19:51.433Z"}}, {"model": "inventario.merma", "pk": 1, "fields": {"lote": 1, "cantidad_perdida": 10, "fecha_reporte": "2026-06-13T08:17:46.595Z", "motivo": "Lote Da±ado", "observaciones": "El lote reporta 10 (diez) pimentones da±ados por plaga de gusanos. El producido restante se reporta aceptable.", "estado": "APROBADA", "reportado_por": 6}}, {"model": "inventario.merma", "pk": 2, "fields": {"lote": 1, "cantidad_perdida": 10, "fecha_reporte": "2026-06-18T04:05:11.612Z", "motivo": "Lote da±ado", "observaciones": "Lote de piment¾n afectado por plagas (gusanos). El resto del lote se encuentra en buen estado, listo para vender.", "estado": "APROBADA", "reportado_por": 13}}, {"model": "inventario.merma", "pk": 3, "fields": {"lote": 2, "cantidad_perdida": 10, "fecha_reporte": "2026-06-21T01:24:51.661Z", "motivo": "MAL_ESTADO", "observaciones": "Lote de Maracuyß afectado por plaga.", "estado": "APROBADA", "reportado_por": 6}}, {"model": "inventario.merma", "pk": 4, "fields": {"lote": 1, "cantidad_perdida": 30, "fecha_reporte": "2026-06-21T06:57:47.619Z", "motivo": "MAL_ESTADO", "observaciones": "Lote da±ado por plaga. El lote restante estß en buen estado, listo para vender.", "estado": "PENDIENTE", "reportado_por": 13}}, {"model": "produccion.lote", "pk": 1, "fields": {"producto": 26, "codigo_lote": "Z-001", "cantidad_inicial": 70, "cantidad_actual": 1188, "stock_minimo": 10, "fecha_produccion": "2026-06-09", "fecha_vencimiento": "2027-01-26", "fecha_registro_sistema": "2026-06-07T04:49:00.800Z", "estado_calidad": "MEDIO", "esta_activo": true}}, {"model": "produccion.lote", "pk": 2, "fields": {"producto": 31, "codigo_lote": "MAR-001-2026", "cantidad_inicial": 180, "cantidad_actual": 430, "stock_minimo": 10, "fecha_produccion": "2026-06-20", "fecha_vencimiento": "2026-08-20", "fecha_registro_sistema": "2026-06-20T22:17:38.505Z", "estado_calidad": "ACEPTABLE", "esta_activo": true}}, {"model": "produccion.lote", "pk": 3, "fields": {"producto": 6, "codigo_lote": "HUEV-001-2026", "cantidad_inicial": 100, "cantidad_actual": 100, "stock_minimo": 10, "fecha_produccion": "2026-06-20", "fecha_vencimiento": "2026-07-20", "fecha_registro_sistema": "2026-06-21T04:32:08.496Z", "estado_calidad": "ACEPTABLE", "esta_activo": true}}, {"model": "produccion.produccion", "pk": 1, "fields": {"usuario": 13, "fecha_produccion": "2026-06-17", "fecha_registro_real": "2026-06-18T01:59:27.279Z", "lote": 1, "cantidad_recolectada": 100, "mortalidad_del_dia": 0, "observaciones": "Lote en buen estado. Verduras frescas."}}, {"model": "produccion.produccion", "pk": 2, "fields": {"usuario": 13, "fecha_produccion": "2026-06-17", "fecha_registro_real": "2026-06-18T02:21:34.570Z", "lote": 1, "cantidad_recolectada": 100, "mortalidad_del_dia": 0, "observaciones": "Lote en buen estado. Verduras frescas."}}, {"model": "produccion.produccion", "pk": 3, "fields": {"usuario": 13, "fecha_produccion": "2026-06-17", "fecha_registro_real": "2026-06-18T02:53:14.597Z", "lote": 1, "cantidad_recolectada": 300, "mortalidad_del_dia": 2, "observaciones": ""}}, {"model": "produccion.produccion", "pk": 4, "fields": {"usuario": 8, "fecha_produccion": "2026-06-20", "fecha_registro_real": "2026-06-20T20:08:56.404Z", "lote": 1, "cantidad_recolectada": 200, "mortalidad_del_dia": 0, "observaciones": "Producto en buen estado."}}, {"model": "produccion.produccion", "pk": 5, "fields": {"usuario": 6, "fecha_produccion": "2026-06-20", "fecha_registro_real": "2026-06-21T02:30:05.127Z", "lote": 1, "cantidad_recolectada": 450, "mortalidad_del_dia": 0, "observaciones": "Lote de productos frescos, rojos y grandes, listos para la venta."}}, {"model": "produccion.produccion", "pk": 6, "fields": {"usuario": 12, "fecha_produccion": "2026-06-20", "fecha_registro_real": "2026-06-21T02:43:10.098Z", "lote": 2, "cantidad_recolectada": 100, "mortalidad_del_dia": 0, "observaciones": "Frutas frescas listas para la venta. Lote de productos completos en buen estado."}}, {"model": "produccion.produccion", "pk": 7, "fields": {"usuario": 13, "fecha_produccion": "2026-06-21", "fecha_registro_real": "2026-06-21T06:31:15.811Z", "lote": 2, "cantidad_recolectada": 150, "mortalidad_del_dia": 0, "observaciones": ""}}, {"model": "productos.categoria", "pk": 1, "fields": {"nombre_categoria": "AvÝcola", "estado": true}}, {"model": "productos.categoria", "pk": 2, "fields": {"nombre_categoria": "AgrÝcola", "estado": true}}, {"model": "productos.producto", "pk": 1, "fields": {"nombre": "Huevo tipo A blanco", "descripcion": "Huevo blanco talla A. Fresco y de alta calidad.", "precio": "12000.00", "unidad_medida": "und", "stock_minimo_global": 10, "stock": 0, "estado": true, "categoria": 1, "imagen": "productos/huevo_tipo_A_blanco.jpg"}}, {"model": "productos.producto", "pk": 2, "fields": {"nombre": "Huevo tipo A rojo", "descripcion": "Huevo rojo talla A. Fresco y de alta calidad.", "precio": "12000.00", "unidad_medida": "und", "stock_minimo_global": 10, "stock": 79, "estado": true, "categoria": 1, "imagen": "productos/huevo_tipo_A_rojo.webp"}}, {"model": "productos.producto", "pk": 3, "fields": {"nombre": "Huevo tipo AA blanco", "descripcion": "Huevo blanco talla AA. Fresco y de alta calidad.", "precio": "14000.00", "unidad_medida": "und", "stock_minimo_global": 10, "stock": 0, "estado": true, "categoria": 1, "imagen": "productos/huevo_tipo_AA_blanco.jpg"}}, {"model": "productos.producto", "pk": 4, "fields": {"nombre": "Huevo tipo AA rojo", "descripcion": "Huevo rojo talla AA. Fresco y de alta calidad.", "precio": "14000.00", "unidad_medida": "und", "stock_minimo_global": 10, "stock": 100, "estado": true, "categoria": 1, "imagen": "productos/huevo_tipo_AA_rojo.jpg"}}, {"model": "productos.producto", "pk": 5, "fields": {"nombre": "Huevo tipo AAA blanco", "descripcion": "Huevo blanco talla AAA. Fresco y de alta calidad.", "precio": "16000.00", "unidad_medida": "und", "stock_minimo_global": 10, "stock": 100, "estado": true, "categoria": 1, "imagen": "productos/huevo_tipo_AAA_blanco.png"}}, {"model": "productos.producto", "pk": 6, "fields": {"nombre": "Huevo tipo AAA rojo", "descripcion": "Huevo rojo talla AAA. Fresco y de alta calidad.", "precio": "16000.00", "unidad_medida": "und", "stock_minimo_global": 10, "stock": 0, "estado": true, "categoria": 1, "imagen": "productos/huevo_tipo_AAA_rojo.jpg"}}, {"model": "productos.producto", "pk": 7, "fields": {"nombre": "Huevo tipo A cafÚ", "descripcion": "Huevo cafÚ talla A. Fresco y de alta calidad.", "precio": "12500.00", "unidad_medida": "und", "stock_minimo_global": 10, "stock": 100, "estado": true, "categoria": 1, "imagen": "productos/huevos_cafe_a.webp"}}, {"model": "productos.producto", "pk": 8, "fields": {"nombre": "Huevo tipo AA cafÚ", "descripcion": "Huevo cafÚ talla AA. Fresco y de alta calidad.", "precio": "14500.00", "unidad_medida": "und", "stock_minimo_global": 10, "stock": 100, "estado": true, "categoria": 1, "imagen": "productos/huevo_aa_cafe.jpg"}}, {"model": "productos.producto", "pk": 9, "fields": {"nombre": "Huevo tipo AAA cafÚ", "descripcion": "Huevo cafÚ talla AAA. Fresco y de alta calidad.", "precio": "16500.00", "unidad_medida": "und", "stock_minimo_global": 10, "stock": 100, "estado": true, "categoria": 1, "imagen": "productos/huevos_cafe.png"}}, {"model": "productos.producto", "pk": 10, "fields": {"nombre": "Huevo tipo A criollo", "descripcion": "Huevo criollo talla A. Fresco y de alta calidad.", "precio": "13000.00", "unidad_medida": "und", "stock_minimo_global": 10, "stock": 100, "estado": true, "categoria": 1, "imagen": "productos/huevo_criollo_A.jpg"}}, {"model": "productos.producto", "pk": 11, "fields": {"nombre": "Huevo tipo AA criollo", "descripcion": "Huevo criollo talla AA. Fresco y de alta calidad.", "precio": "15000.00", "unidad_medida": "und", "stock_minimo_global": 10, "stock": 100, "estado": true, "categoria": 1, "imagen": "productos/huevo_criollo_AA.avif"}}, {"model": "productos.producto", "pk": 12, "fields": {"nombre": "Huevo tipo AAA criollo", "descripcion": "Huevo criollo talla AAA. Fresco y de alta calidad.", "precio": "17000.00", "unidad_medida": "und", "stock_minimo_global": 10, "stock": 100, "estado": true, "categoria": 1, "imagen": "productos/huevo_criollo.jpg"}}, {"model": "productos.producto", "pk": 13, "fields": {"nombre": "Huevo blanco extra grande", "descripcion": "Huevo blanco talla XL. Fresco y de alta calidad.", "precio": "18000.00", "unidad_medida": "und", "stock_minimo_global": 10, "stock": 200, "estado": true, "categoria": 1, "imagen": "productos/huevo_extra_grande_blanco.webp"}}, {"model": "productos.producto", "pk": 14, "fields": {"nombre": "Huevo rojo extra grande", "descripcion": "Huevo rojo talla XL. Fresco y de alta calidad.", "precio": "18000.00", "unidad_medida": "und", "stock_minimo_global": 10, "stock": 100, "estado": true, "categoria": 1, "imagen": "productos/huevo_extra_grande_rojo.jpg"}}, {"model": "productos.producto", "pk": 15, "fields": {"nombre": "Huevo criollo extra grande", "descripcion": "Huevo criollo talla XL. Fresco y de alta calidad.", "precio": "650.00", "unidad_medida": "und", "stock_minimo_global": 10, "stock": 100, "estado": true, "categoria": 1, "imagen": "productos/huevo_criollo_extra_grande.jpg"}}, {"model": "productos.producto", "pk": 16, "fields": {"nombre": "Lechuga", "descripcion": "Lechuga fresco(a) de cultivo propio. Cosechado con buenas prßcticas agrÝcolas.", "precio": "2500.00", "unidad_medida": "und", "stock_minimo_global": 5, "stock": 43, "estado": true, "categoria": 2, "imagen": "productos/lechuga.jpg"}}, {"model": "productos.producto", "pk": 17, "fields": {"nombre": "Tomate", "descripcion": "Tomate fresco(a) de cultivo propio. Cosechado con buenas prßcticas agrÝcolas.", "precio": "3000.00", "unidad_medida": "lb", "stock_minimo_global": 5, "stock": 49, "estado": true, "categoria": 2, "imagen": "productos/tomate.jpg"}}, {"model": "productos.producto", "pk": 18, "fields": {"nombre": "Cebolla", "descripcion": "Cebolla fresco(a) de cultivo propio. Cosechado con buenas prßcticas agrÝcolas.", "precio": "2800.00", "unidad_medida": "lb", "stock_minimo_global": 5, "stock": 47, "estado": true, "categoria": 2, "imagen": "productos/cebolla.jpg"}}, {"model": "productos.producto", "pk": 19, "fields": {"nombre": "Zanahoria", "descripcion": "Zanahoria fresco(a) de cultivo propio. Cosechado con buenas prßcticas agrÝcolas.", "precio": "2500.00", "unidad_medida": "und", "stock_minimo_global": 5, "stock": 50, "estado": true, "categoria": 2, "imagen": "productos/zanahoria.jpg"}}, {"model": "productos.producto", "pk": 20, "fields": {"nombre": "Pepino", "descripcion": "Pepino fresco(a) de cultivo propio. Cosechado con buenas prßcticas agrÝcolas.", "precio": "2000.00", "unidad_medida": "und", "stock_minimo_global": 5, "stock": 49, "estado": true, "categoria": 2, "imagen": "productos/pepino.jpg"}}, {"model": "productos.producto", "pk": 21, "fields": {"nombre": "Espinaca", "descripcion": "Espinaca fresco(a) de cultivo propio. Cosechado con buenas prßcticas agrÝcolas.", "precio": "3500.00", "unidad_medida": "lb", "stock_minimo_global": 5, "stock": 50, "estado": true, "categoria": 2, "imagen": "productos/espinaca.jpg"}}, {"model": "productos.producto", "pk": 22, "fields": {"nombre": "Acelga", "descripcion": "Acelga fresco(a) de cultivo propio. Cosechado con buenas prßcticas agrÝcolas.", "precio": "3000.00", "unidad_medida": "lb", "stock_minimo_global": 5, "stock": 50, "estado": true, "categoria": 2, "imagen": "productos/acelga.jpg"}}, {"model": "productos.producto", "pk": 23, "fields": {"nombre": "Br¾coli", "descripcion": "Br¾coli fresco(a) de cultivo propio. Cosechado con buenas prßcticas agrÝcolas.", "precio": "4000.00", "unidad_medida": "lb", "stock_minimo_global": 5, "stock": 50, "estado": true, "categoria": 2, "imagen": "productos/broccoli.jpg"}}, {"model": "productos.producto", "pk": 24, "fields": {"nombre": "Coliflor", "descripcion": "Coliflor fresco(a) de cultivo propio. Cosechado con buenas prßcticas agrÝcolas.", "precio": "4500.00", "unidad_medida": "lb", "stock_minimo_global": 5, "stock": 48, "estado": true, "categoria": 2, "imagen": "productos/coliflor.jpg"}}, {"model": "productos.producto", "pk": 25, "fields": {"nombre": "Repollo", "descripcion": "Repollo fresco(a) de cultivo propio. Cosechado con buenas prßcticas agrÝcolas.", "precio": "3000.00", "unidad_medida": "lb", "stock_minimo_global": 5, "stock": 50, "estado": true, "categoria": 2, "imagen": "productos/repollo.jpg"}}, {"model": "productos.producto", "pk": 26, "fields": {"nombre": "Piment¾n", "descripcion": "Piment¾n fresco(a) de cultivo propio. Cosechado con buenas prßcticas agrÝcolas.", "precio": "5000.00", "unidad_medida": "lb", "stock_minimo_global": 5, "stock": 50, "estado": true, "categoria": 2, "imagen": "productos/pimenton.jpg"}}, {"model": "productos.producto", "pk": 27, "fields": {"nombre": "Yuca", "descripcion": "Yuca fresco(a) de cultivo propio. Cosechado con buenas prßcticas agrÝcolas.", "precio": "2000.00", "unidad_medida": "lb", "stock_minimo_global": 5, "stock": 50, "estado": true, "categoria": 2, "imagen": "productos/yuca.jpg"}}, {"model": "productos.producto", "pk": 28, "fields": {"nombre": "Fresa", "descripcion": "Fresa fresco(a) de cultivo propio. Cosechado con buenas prßcticas agrÝcolas.", "precio": "6000.00", "unidad_medida": "lb", "stock_minimo_global": 5, "stock": 50, "estado": true, "categoria": 2, "imagen": "productos/fresa-fruta.jpg"}}, {"model": "productos.producto", "pk": 29, "fields": {"nombre": "Mora", "descripcion": "Mora fresco(a) de cultivo propio. Cosechado con buenas prßcticas agrÝcolas.", "precio": "5500.00", "unidad_medida": "lb", "stock_minimo_global": 5, "stock": 50, "estado": true, "categoria": 2, "imagen": "productos/mora.jpg"}}, {"model": "productos.producto", "pk": 30, "fields": {"nombre": "Uva", "descripcion": "Uva fresco(a) de cultivo propio. Cosechado con buenas prßcticas agrÝcolas.", "precio": "7000.00", "unidad_medida": "lb", "stock_minimo_global": 5, "stock": 70, "estado": true, "categoria": 2, "imagen": "productos/uva-500gr.webp"}}, {"model": "productos.producto", "pk": 31, "fields": {"nombre": "Maracuyß", "descripcion": "Maracuyß fresco(a) de cultivo propio. Cosechado con buenas prßcticas agrÝcolas.", "precio": "4000.00", "unidad_medida": "lb", "stock_minimo_global": 5, "stock": 50, "estado": true, "categoria": 2, "imagen": "productos/maracuya.png"}}, {"model": "productos.producto", "pk": 32, "fields": {"nombre": "Tomate Chonto", "descripcion": "Tomate fresco cultivado en invernadero, ideal para consumo domÚstico y comercial.", "precio": "4500.00", "unidad_medida": "kg", "stock_minimo_global": 0, "stock": 350, "estado": true, "categoria": 2, "imagen": "productos/tomate-chonto.jpg"}}, {"model": "productos.detalle_agricola", "pk": 16, "fields": {"variedad": "Batavia", "estado_madurez": "Lista para consumo", "tratamiento": "Lavado y seleccionado", "humedad_optima": "80-90%", "fecha_cosecha": null}}, {"model": "productos.detalle_agricola", "pk": 17, "fields": {"variedad": "Chonto", "estado_madurez": "En maduraci¾n", "tratamiento": "Lavado y seleccionado", "humedad_optima": "80-90%", "fecha_cosecha": null}}, {"model": "productos.detalle_agricola", "pk": 18, "fields": {"variedad": "Cabezona", "estado_madurez": "Lista para consumo", "tratamiento": "Lavado y seleccionado", "humedad_optima": "80-90%", "fecha_cosecha": null}}, {"model": "productos.detalle_agricola", "pk": 19, "fields": {"variedad": "Chantenay", "estado_madurez": "Lista para consumo", "tratamiento": "Lavado y seleccionado", "humedad_optima": "80-90%", "fecha_cosecha": null}}, {"model": "productos.detalle_agricola", "pk": 20, "fields": {"variedad": "Common", "estado_madurez": "En maduraci¾n", "tratamiento": "Lavado y seleccionado", "humedad_optima": "80-90%", "fecha_cosecha": null}}, {"model": "productos.detalle_agricola", "pk": 21, "fields": {"variedad": "Gigante", "estado_madurez": "Lista para consumo", "tratamiento": "Lavado y seleccionado", "humedad_optima": "80-90%", "fecha_cosecha": null}}, {"model": "productos.detalle_agricola", "pk": 22, "fields": {"variedad": "Com·n", "estado_madurez": "Lista para consumo", "tratamiento": "Lavado y seleccionado", "humedad_optima": "80-90%", "fecha_cosecha": null}}, {"model": "productos.detalle_agricola", "pk": 23, "fields": {"variedad": "Premium", "estado_madurez": "Lista para consumo", "tratamiento": "Lavado y seleccionado", "humedad_optima": "80-90%", "fecha_cosecha": null}}, {"model": "productos.detalle_agricola", "pk": 24, "fields": {"variedad": "Blanca", "estado_madurez": "Lista para consumo", "tratamiento": "Lavado y seleccionado", "humedad_optima": "80-90%", "fecha_cosecha": null}}, {"model": "productos.detalle_agricola", "pk": 25, "fields": {"variedad": "Liso", "estado_madurez": "Lista para consumo", "tratamiento": "Lavado y seleccionado", "humedad_optima": "80-90%", "fecha_cosecha": null}}, {"model": "productos.detalle_agricola", "pk": 26, "fields": {"variedad": "Rojo", "estado_madurez": "En maduraci¾n", "tratamiento": "Lavado y seleccionado", "humedad_optima": "80-90%", "fecha_cosecha": null}}, {"model": "productos.detalle_agricola", "pk": 27, "fields": {"variedad": "Criolla", "estado_madurez": "Lista para consumo", "tratamiento": "Lavado y seleccionado", "humedad_optima": "80-90%", "fecha_cosecha": null}}, {"model": "productos.detalle_agricola", "pk": 28, "fields": {"variedad": "Dorada", "estado_madurez": "Lista para consumo", "tratamiento": "Lavado y seleccionado", "humedad_optima": "80-90%", "fecha_cosecha": null}}, {"model": "productos.detalle_agricola", "pk": 29, "fields": {"variedad": "Castilla", "estado_madurez": "Lista para consumo", "tratamiento": "Lavado y seleccionado", "humedad_optima": "80-90%", "fecha_cosecha": null}}, {"model": "productos.detalle_agricola", "pk": 30, "fields": {"variedad": "Isabella", "estado_madurez": "Lista para consumo", "tratamiento": "Lavado y seleccionado", "humedad_optima": "80-90%", "fecha_cosecha": null}}, {"model": "productos.detalle_agricola", "pk": 31, "fields": {"variedad": "Amarilla", "estado_madurez": "En maduraci¾n", "tratamiento": "Lavado y seleccionado", "humedad_optima": "80-90%", "fecha_cosecha": null}}, {"model": "productos.detalle_avicola", "pk": 1, "fields": {"talla": "A", "color_huevo": "Blanco", "tipo_empaque": "Cubeta plßstica", "categoria_calidad": "A", "limpieza": true, "presentacion": "x30", "precio_x6": null, "precio_x15": null, "precio_x30": null}}, {"model": "productos.detalle_avicola", "pk": 2, "fields": {"talla": "A", "color_huevo": "Rojo", "tipo_empaque": "Cubeta plßstica", "categoria_calidad": "A", "limpieza": true, "presentacion": "x30", "precio_x6": null, "precio_x15": null, "precio_x30": null}}, {"model": "productos.detalle_avicola", "pk": 3, "fields": {"talla": "AA", "color_huevo": "Blanco", "tipo_empaque": "Cubeta plßstica", "categoria_calidad": "AA", "limpieza": true, "presentacion": "x30", "precio_x6": null, "precio_x15": null, "precio_x30": null}}, {"model": "productos.detalle_avicola", "pk": 4, "fields": {"talla": "AA", "color_huevo": "Rojo", "tipo_empaque": "Cubeta plßstica", "categoria_calidad": "AA", "limpieza": true, "presentacion": "x30", "precio_x6": null, "precio_x15": null, "precio_x30": null}}, {"model": "productos.detalle_avicola", "pk": 5, "fields": {"talla": "AAA", "color_huevo": "Blanco", "tipo_empaque": "Cubeta plßstica", "categoria_calidad": "AAA", "limpieza": true, "presentacion": "x30", "precio_x6": null, "precio_x15": null, "precio_x30": null}}, {"model": "productos.detalle_avicola", "pk": 6, "fields": {"talla": "AAA", "color_huevo": "Rojo", "tipo_empaque": "Cubeta plßstica", "categoria_calidad": "AAA", "limpieza": true, "presentacion": "x30", "precio_x6": null, "precio_x15": null, "precio_x30": null}}, {"model": "productos.detalle_avicola", "pk": 7, "fields": {"talla": "A", "color_huevo": "CafÚ", "tipo_empaque": "Cubeta plßstica", "categoria_calidad": "A", "limpieza": true, "presentacion": "x30", "precio_x6": null, "precio_x15": null, "precio_x30": null}}, {"model": "productos.detalle_avicola", "pk": 8, "fields": {"talla": "AA", "color_huevo": "CafÚ", "tipo_empaque": "Cubeta plßstica", "categoria_calidad": "AA", "limpieza": true, "presentacion": "x30", "precio_x6": null, "precio_x15": null, "precio_x30": null}}, {"model": "productos.detalle_avicola", "pk": 9, "fields": {"talla": "AAA", "color_huevo": "CafÚ", "tipo_empaque": "Cubeta plßstica", "categoria_calidad": "AAA", "limpieza": true, "presentacion": "x30", "precio_x6": null, "precio_x15": null, "precio_x30": null}}, {"model": "productos.detalle_avicola", "pk": 10, "fields": {"talla": "A", "color_huevo": "Criollo", "tipo_empaque": "Cubeta plßstica", "categoria_calidad": "A", "limpieza": true, "presentacion": "x30", "precio_x6": null, "precio_x15": null, "precio_x30": null}}, {"model": "productos.detalle_avicola", "pk": 11, "fields": {"talla": "AA", "color_huevo": "Criollo", "tipo_empaque": "Cubeta plßstica", "categoria_calidad": "AA", "limpieza": true, "presentacion": "x30", "precio_x6": null, "precio_x15": null, "precio_x30": null}}, {"model": "productos.detalle_avicola", "pk": 12, "fields": {"talla": "AAA", "color_huevo": "Criollo", "tipo_empaque": "Cubeta plßstica", "categoria_calidad": "AAA", "limpieza": true, "presentacion": "x30", "precio_x6": null, "precio_x15": null, "precio_x30": null}}, {"model": "productos.detalle_avicola", "pk": 13, "fields": {"talla": "XL", "color_huevo": "Blanco", "tipo_empaque": "Cubeta plßstica", "categoria_calidad": "AAA", "limpieza": true, "presentacion": "x30", "precio_x6": null, "precio_x15": null, "precio_x30": null}}, {"model": "productos.detalle_avicola", "pk": 14, "fields": {"talla": "XL", "color_huevo": "Rojo", "tipo_empaque": "Cubeta plßstica", "categoria_calidad": "AAA", "limpieza": true, "presentacion": "x30", "precio_x6": null, "precio_x15": null, "precio_x30": null}}, {"model": "productos.detalle_avicola", "pk": 15, "fields": {"talla": "XL", "color_huevo": "Criollo", "tipo_empaque": "Cubeta plßstica", "categoria_calidad": "AAA", "limpieza": true, "presentacion": "x6", "precio_x6": "3900.00", "precio_x15": "9750.00", "precio_x30": "19500.00"}}, {"model": "usuarios.rol", "pk": 1, "fields": {"nombre_rol": "Administrador", "estado": true}}, {"model": "usuarios.rol", "pk": 2, "fields": {"nombre_rol": "Distribuidor", "estado": true}}, {"model": "usuarios.rol", "pk": 3, "fields": {"nombre_rol": "Cliente", "estado": true}}, {"model": "usuarios.rol", "pk": 4, "fields": {"nombre_rol": "Operador/Empleador", "estado": true}}, {"model": "usuarios.tipodocumento", "pk": 1, "fields": {"nombre_tipo": "CÚdula de CiudadanÝa", "estado": true}}, {"model": "usuarios.tipodocumento", "pk": 2, "fields": {"nombre_tipo": "CÚdula de ExtranjerÝa", "estado": true}}, {"model": "usuarios.tipodocumento", "pk": 3, "fields": {"nombre_tipo": "Permiso Especial de Permanencia", "estado": true}}, {"model": "usuarios.usuario", "pk": 2, "fields": {"password": "pbkdf2_sha256$1200000$TNvGyiP47Sr5IqGRO96UHq$oR/Z5u17H+ZUhy5+O84JySfSaw2tMU37ZzuOsZFdcNA=", "last_login": null, "is_superuser": false, "username": "VickytoriaHuertas", "first_name": "Victoria", "last_name": "Huertas Ortiz", "email": "vhuertasortiz@gmail.com", "is_staff": true, "is_active": true, "date_joined": "2026-05-11T03:03:30.041Z", "tipo_documento": 1, "documento": "1590101010", "telefono": "3001560000", "rol": 1, "estado": "Activo", "groups": [], "user_permissions": []}}, {"model": "usuarios.usuario", "pk": 3, "fields": {"password": "pbkdf2_sha256$1200000$Z7CUzWb9g9Kyv51RYTKY0U$gpV6pc/VULRWM7jangvIqAPv5BZf9VqPtJUlsd/qs/w=", "last_login": null, "is_superuser": false, "username": "CuCharon", "first_name": "Charon", "last_name": "Arce Beltrßn", "email": "charonbeltran@gmail.com", "is_staff": true, "is_active": true, "date_joined": "2026-05-11T03:17:39.625Z", "tipo_documento": 1, "documento": "2020789000", "telefono": "(+57) 321113030", "rol": 1, "estado": "Activo", "groups": [], "user_permissions": []}}, {"model": "usuarios.usuario", "pk": 6, "fields": {"password": "pbkdf2_sha256$1200000$Hjpca3IRKLziOsUxtz5tfJ$mSJD3M7HNK2W9O0aNOtXfvyfk5aeeylnvts1Sbd0rnY=", "last_login": "2026-06-21T23:04:05.361Z", "is_superuser": true, "username": "DannaSofia", "first_name": "Danna Sofia", "last_name": "Rojas Pe±a", "email": "sophie510380@gmail.com", "is_staff": true, "is_active": true, "date_joined": "2026-05-11T23:46:18.671Z", "tipo_documento": 1, "documento": "1147484751", "telefono": "(+57) 3246556514", "rol": 1, "estado": "Activo", "groups": [], "user_permissions": []}}, {"model": "usuarios.usuario", "pk": 7, "fields": {"password": "pbkdf2_sha256$1200000$LjAXgiMRBvrXVAEioowVoc$eaqjAhLHVAJQXeRfADmrHNIdum+eDaWwf5PvE7+9oN8=", "last_login": "2026-06-21T19:47:43.778Z", "is_superuser": false, "username": "Sarita1560", "first_name": "Sara", "last_name": "Qui±onez Roa", "email": "saritaquiroa@gmail.com", "is_staff": false, "is_active": true, "date_joined": "2026-05-12T00:02:28Z", "tipo_documento": 1, "documento": "159092134", "telefono": "(+57) 3157778900", "rol": 2, "estado": "Activo", "groups": [2], "user_permissions": []}}, {"model": "usuarios.usuario", "pk": 8, "fields": {"password": "pbkdf2_sha256$1200000$sRVpC0KBOFLhSSzNg5xKLV$kQqpbGF/VOpKpnL+MTSAfnvOEvClX7YPIuyAofNhe7c=", "last_login": null, "is_superuser": false, "username": "PerlitaLaLoca", "first_name": "Perla Alejandra", "last_name": "Quintero Ruiz", "email": "perlita1570@outlook.com", "is_staff": false, "is_active": true, "date_joined": "2026-05-12T00:06:38.350Z", "tipo_documento": 1, "documento": "9000012330", "telefono": "(+57) 1234567890", "rol": 4, "estado": "Activo", "groups": [], "user_permissions": []}}, {"model": "usuarios.usuario", "pk": 10, "fields": {"password": "pbkdf2_sha256$1200000$9j2mu1ChkxUbLF4a6wdWDG$BH32KXU8vRD5OJ+OxE9P7NtOIkLGzaf8cfDUjvf+ZLU=", "last_login": "2026-05-28T03:07:23.030Z", "is_superuser": false, "username": "usuario2007", "first_name": "Gabriel", "last_name": "Mßrquez", "email": "grabielgmjarq@gmail.com", "is_staff": false, "is_active": true, "date_joined": "2026-05-27T02:56:11.669Z", "tipo_documento": 1, "documento": "1028486318", "telefono": "(+57) 3001430090", "rol": 3, "estado": "Activo", "groups": [], "user_permissions": []}}, {"model": "usuarios.usuario", "pk": 11, "fields": {"password": "pbkdf2_sha256$600000$eFsDEgbXzRGhZQw4Xitxu2$ejkh+kD7oiIhF3wlvIf+zSdQ1eCFvfN54+1nm8Ju9VA=", "last_login": null, "is_superuser": false, "username": "Kamila1234", "first_name": "Sharon Kamila", "last_name": "Cuervo L¾pez", "email": "sharonkcuerv0@gmail.com", "is_staff": false, "is_active": false, "date_joined": "2026-06-07T04:45:46.549Z", "tipo_documento": 1, "documento": "30902234", "telefono": "3020000990", "rol": 3, "estado": "Activo", "groups": [], "user_permissions": []}}, {"model": "usuarios.usuario", "pk": 12, "fields": {"password": "pbkdf2_sha256$600000$Af3u8fA2R2YtHthKiemvb6$48D6koavKeT2emnTR7NeYUAVJrZRpFjBYRX2GVM5Ato=", "last_login": "2026-06-12T03:05:54.199Z", "is_superuser": false, "username": "Alexxxa1234", "first_name": "Alexandra", "last_name": "Torres Pßez", "email": "alexxa2000@yahoo.es", "is_staff": false, "is_active": true, "date_joined": "2026-06-12T03:04:51.449Z", "tipo_documento": 1, "documento": "505155902", "telefono": "(+57)3190020304", "rol": 4, "estado": "Activo", "groups": [], "user_permissions": []}}, {"model": "usuarios.usuario", "pk": 13, "fields": {"password": "pbkdf2_sha256$1200000$eCMzrzH7FWGUdII64ntfdx$fMJRu3x1AG/viu98jKlciFn91sDKbOaM1RGKn/AOhDo=", "last_login": "2026-06-22T00:13:00.738Z", "is_superuser": false, "username": "Sandrix90", "first_name": "Sandra", "last_name": "Sofia PÚrez QuilcuÚ", "email": "sandritaperezq12@yahoo.com", "is_staff": false, "is_active": true, "date_joined": "2026-06-15T22:34:59Z", "tipo_documento": 1, "documento": "333456712", "telefono": "(+57) 3002345678", "rol": 4, "estado": "Activo", "groups": [1], "user_permissions": []}}, {"model": "usuarios.usuario", "pk": 14, "fields": {"password": "pbkdf2_sha256$1200000$MULwABctXoPyR6UYwA7tkG$F4hrb+hC0iNSkUhr40D6eps7xjhk4tekKU1jHzTN1wU=", "last_login": null, "is_superuser": false, "username": "Sammy015", "first_name": "Sammy Samantha", "last_name": "Torres Alvarado", "email": "samm_y15@gmail.com", "is_staff": false, "is_active": true, "date_joined": "2026-06-20T03:55:30.673Z", "tipo_documento": 1, "documento": "1900000021", "telefono": "(+57) 3001009080", "rol": 3, "estado": "Activo", "groups": [], "user_permissions": []}}, {"model": "usuarios.usuario", "pk": 15, "fields": {"password": "pbkdf2_sha256$1200000$5FHvbIDfxF0HAiT3sluEre$sSveGECOWlj4dpi2yzuKxhxbopQk0g2Oe4VqBpqyTSg=", "last_login": null, "is_superuser": false, "username": "danny003", "first_name": "Daniel", "last_name": "AlbarracÝn DÝaz", "email": "dannyalbadiaz@hotmail.com", "is_staff": true, "is_active": true, "date_joined": "2026-06-20T04:16:09.662Z", "tipo_documento": 1, "documento": "156009087", "telefono": "(+57) 311 2345678", "rol": 2, "estado": "Activo", "groups": [], "user_permissions": []}}, {"model": "usuarios.usuario", "pk": 16, "fields": {"password": "pbkdf2_sha256$1200000$HSOBjzBw2J8syHvJvA8ViL$caTcd2yGz478tgcybjzIhrFlwou9xJ6pH4eKQ3ySd/s=", "last_login": "2026-06-21T20:21:48.923Z", "is_superuser": false, "username": "camilito120gx", "first_name": "Camilo", "last_name": "Huertas Gutierrez", "email": "camilogtx120@gmail.com", "is_staff": false, "is_active": true, "date_joined": "2026-06-20T04:29:52.411Z", "tipo_documento": 1, "documento": "12400092", "telefono": "(+57) 3220997878", "rol": 3, "estado": "Activo", "groups": [], "user_permissions": []}}, {"model": "usuarios.usuario", "pk": 17, "fields": {"password": "pbkdf2_sha256$1200000$rDR45J4q3AFvpWnCnCPghk$xl1MPEl0Lcv6BfdpOIJVDgPUU6uUuJxs72vlNGqNbWI=", "last_login": null, "is_superuser": false, "username": "alex15", "first_name": "Josue Alexander", "last_name": "Franco Turbay", "email": "alexjfrancot@gmail.com", "is_staff": false, "is_active": true, "date_joined": "2026-06-20T05:00:43.333Z", "tipo_documento": 1, "documento": "129000122", "telefono": "(+57) 3209001313", "rol": 4, "estado": "Activo", "groups": [], "user_permissions": []}}, {"model": "usuarios.usuario", "pk": 18, "fields": {"password": "pbkdf2_sha256$1200000$IHJ9yQ7PPDlCqNU1jxX6vf$isXCnWlFbNaoEn72nfiaRWAWe5v2cjwYaH8vuYW8WRw=", "last_login": "2026-06-22T00:14:14.413Z", "is_superuser": false, "username": "danilu3015", "first_name": "Daniela", "last_name": "Hernandez Sosa", "email": "danielahernsosa@gmail.com", "is_staff": false, "is_active": true, "date_joined": "2026-06-21T20:32:39.042Z", "tipo_documento": 1, "documento": "5002490318", "telefono": "(+57) 3120000789", "rol": null, "estado": "Activo", "groups": [], "user_permissions": []}}, {"model": "usuarios.distribuidor", "pk": 1, "fields": {"usuario": 7, "tipo_vehiculo": "Volgswagen", "placa_vehiculo": "HUP-002", "numero_licencia": "HJKQOI901", "disponibilidad": true}}, {"model": "ventas.pedido", "pk": 1, "fields": {"usuario": 10, "fecha_pedido": "2026-05-28T01:48:34.956Z", "estado_pedido": "PENDIENTE", "metodo_pago": "transferencia", "direccion_entrega": "casdfq", "total_pedido": "0.00", "distribuidor": 1, "fecha_despacho": "2026-06-22T17:00:00Z", "fecha_entrega_real": "2026-06-24T14:30:00Z", "novedad_entrega": "Productos en buen estado."}}, {"model": "ventas.pedido", "pk": 2, "fields": {"usuario": 10, "fecha_pedido": "2026-05-28T01:48:48.130Z", "estado_pedido": "PENDIENTE", "metodo_pago": "transferencia", "direccion_entrega": "casdfq", "total_pedido": "21000.00", "distribuidor": 1, "fecha_despacho": null, "fecha_entrega_real": null, "novedad_entrega": null}}, {"model": "ventas.pedido", "pk": 3, "fields": {"usuario": 10, "fecha_pedido": "2026-05-28T01:50:55.780Z", "estado_pedido": "PENDIENTE", "metodo_pago": "transferencia", "direccion_entrega": "Calle 145 # 36B", "total_pedido": "14000.00", "distribuidor": 1, "fecha_despacho": null, "fecha_entrega_real": null, "novedad_entrega": null}}, {"model": "ventas.pedido", "pk": 4, "fields": {"usuario": 10, "fecha_pedido": "2026-05-28T01:59:38.003Z", "estado_pedido": "PENDIENTE", "metodo_pago": "transferencia", "direccion_entrega": "iiiiiiiiiiii", "total_pedido": "42000.00", "distribuidor": 1, "fecha_despacho": null, "fecha_entrega_real": null, "novedad_entrega": null}}, {"model": "ventas.pedido", "pk": 5, "fields": {"usuario": 10, "fecha_pedido": "2026-05-28T02:03:45.587Z", "estado_pedido": "PENDIENTE", "metodo_pago": "efectivo", "direccion_entrega": "saqwd", "total_pedido": "42000.00", "distribuidor": 1, "fecha_despacho": null, "fecha_entrega_real": null, "novedad_entrega": null}}, {"model": "ventas.pedido", "pk": 6, "fields": {"usuario": 10, "fecha_pedido": "2026-05-28T02:04:13.180Z", "estado_pedido": "PENDIENTE", "metodo_pago": "efectivo", "direccion_entrega": "w", "total_pedido": "14000.00", "distribuidor": 1, "fecha_despacho": null, "fecha_entrega_real": null, "novedad_entrega": null}}, {"model": "ventas.pedido", "pk": 7, "fields": {"usuario": 10, "fecha_pedido": "2026-05-28T02:05:10.681Z", "estado_pedido": "PENDIENTE", "metodo_pago": "efectivo", "direccion_entrega": "a", "total_pedido": "42000.00", "distribuidor": 1, "fecha_despacho": null, "fecha_entrega_real": null, "novedad_entrega": null}}, {"model": "ventas.pedido", "pk": 8, "fields": {"usuario": 10, "fecha_pedido": "2026-05-28T02:19:47.255Z", "estado_pedido": "PENDIENTE", "metodo_pago": "efectivo", "direccion_entrega": "lk", "total_pedido": "42000.00", "distribuidor": 1, "fecha_despacho": null, "fecha_entrega_real": null, "novedad_entrega": null}}, {"model": "ventas.pedido", "pk": 9, "fields": {"usuario": 10, "fecha_pedido": "2026-05-28T02:20:10.735Z", "estado_pedido": "PENDIENTE", "metodo_pago": "efectivo", "direccion_entrega": "u", "total_pedido": "9000.00", "distribuidor": 1, "fecha_despacho": null, "fecha_entrega_real": null, "novedad_entrega": null}}, {"model": "ventas.pedido", "pk": 10, "fields": {"usuario": 10, "fecha_pedido": "2026-05-28T02:37:51.823Z", "estado_pedido": "PENDIENTE", "metodo_pago": "transferencia", "direccion_entrega": "6", "total_pedido": "24000.00", "distribuidor": 1, "fecha_despacho": null, "fecha_entrega_real": null, "novedad_entrega": null}}, {"model": "ventas.pedido", "pk": 11, "fields": {"usuario": 10, "fecha_pedido": "2026-05-28T03:08:51.522Z", "estado_pedido": "ENTREGADO", "metodo_pago": "transferencia", "direccion_entrega": "y98y986y", "total_pedido": "12000.00", "distribuidor": 1, "fecha_despacho": null, "fecha_entrega_real": null, "novedad_entrega": null}}, {"model": "ventas.pedido", "pk": 12, "fields": {"usuario": 12, "fecha_pedido": "2026-06-12T03:11:10.777Z", "estado_pedido": "PENDIENTE", "metodo_pago": "nequi", "direccion_entrega": "Calle 144 # 136 A -09", "total_pedido": "63000.00", "distribuidor": 1, "fecha_despacho": null, "fecha_entrega_real": null, "novedad_entrega": null}}, {"model": "ventas.pedido", "pk": 13, "fields": {"usuario": 13, "fecha_pedido": "2026-06-16T12:40:33.080Z", "estado_pedido": "CAMINO", "metodo_pago": "efectivo", "direccion_entrega": "Calle 144 # 136 A -09", "total_pedido": "177600.00", "distribuidor": 1, "fecha_despacho": null, "fecha_entrega_real": null, "novedad_entrega": null}}, {"model": "ventas.pedido", "pk": 14, "fields": {"usuario": 16, "fecha_pedido": "2026-06-21T05:29:20.690Z", "estado_pedido": "PENDIENTE", "metodo_pago": "Nequi", "direccion_entrega": "Calle 65 # 30", "total_pedido": "17500.00", "distribuidor": 1, "fecha_despacho": null, "fecha_entrega_real": null, "novedad_entrega": null}}, {"model": "ventas.pedido", "pk": 15, "fields": {"usuario": 18, "fecha_pedido": "2026-06-22T00:17:24.211Z", "estado_pedido": "PENDIENTE", "metodo_pago": "nequi", "direccion_entrega": "Calle 65", "total_pedido": "0.00", "distribuidor": null, "fecha_despacho": null, "fecha_entrega_real": null, "novedad_entrega": null}}, {"model": "ventas.pedido", "pk": 16, "fields": {"usuario": 18, "fecha_pedido": "2026-06-22T00:17:45.331Z", "estado_pedido": "PENDIENTE", "metodo_pago": "nequi", "direccion_entrega": "Calle 65", "total_pedido": "43500.00", "distribuidor": null, "fecha_despacho": null, "fecha_entrega_real": null, "novedad_entrega": null}}, {"model": "ventas.detallepedido", "pk": 1, "fields": {"pedido": 4, "producto": 3, "cantidad": 3, "presentacion": "x30", "precio_unitario_venta": "14000.00", "subtotal": "42000.00"}}, {"model": "ventas.detallepedido", "pk": 2, "fields": {"pedido": 5, "producto": 3, "cantidad": 3, "presentacion": "x30", "precio_unitario_venta": "14000.00", "subtotal": "42000.00"}}, {"model": "ventas.detallepedido", "pk": 3, "fields": {"pedido": 6, "producto": 3, "cantidad": 1, "presentacion": "x15", "precio_unitario_venta": "14000.00", "subtotal": "14000.00"}}, {"model": "ventas.detallepedido", "pk": 4, "fields": {"pedido": 7, "producto": 3, "cantidad": 3, "presentacion": "x30", "precio_unitario_venta": "14000.00", "subtotal": "42000.00"}}, {"model": "ventas.detallepedido", "pk": 5, "fields": {"pedido": 8, "producto": 3, "cantidad": 3, "presentacion": "x30", "precio_unitario_venta": "14000.00", "subtotal": "42000.00"}}, {"model": "ventas.detallepedido", "pk": 6, "fields": {"pedido": 9, "producto": 24, "cantidad": 2, "presentacion": "", "precio_unitario_venta": "4500.00", "subtotal": "9000.00"}}, {"model": "ventas.detallepedido", "pk": 7, "fields": {"pedido": 10, "producto": 1, "cantidad": 2, "presentacion": "x30", "precio_unitario_venta": "12000.00", "subtotal": "24000.00"}}, {"model": "ventas.detallepedido", "pk": 8, "fields": {"pedido": 11, "producto": 2, "cantidad": 1, "presentacion": "x15", "precio_unitario_venta": "12000.00", "subtotal": "12000.00"}}, {"model": "ventas.detallepedido", "pk": 9, "fields": {"pedido": 12, "producto": 1, "cantidad": 4, "presentacion": "x30", "precio_unitario_venta": "12000.00", "subtotal": "48000.00"}}, {"model": "ventas.detallepedido", "pk": 10, "fields": {"pedido": 12, "producto": 16, "cantidad": 6, "presentacion": "", "precio_unitario_venta": "2500.00", "subtotal": "15000.00"}}, {"model": "ventas.detallepedido", "pk": 11, "fields": {"pedido": 13, "producto": 32, "cantidad": 4, "presentacion": "x15", "precio_unitario_venta": "16000.00", "subtotal": "64000.00"}}, {"model": "ventas.detallepedido", "pk": 12, "fields": {"pedido": 13, "producto": 6, "cantidad": 5, "presentacion": "x30", "precio_unitario_venta": "16000.00", "subtotal": "80000.00"}}, {"model": "ventas.detallepedido", "pk": 13, "fields": {"pedido": 13, "producto": 18, "cantidad": 2, "presentacion": "", "precio_unitario_venta": "2800.00", "subtotal": "5600.00"}}, {"model": "ventas.detallepedido", "pk": 14, "fields": {"pedido": 3, "producto": 29, "cantidad": 4, "presentacion": "", "precio_unitario_venta": "3500.00", "subtotal": "14000.00"}}, {"model": "ventas.detallepedido", "pk": 15, "fields": {"pedido": 14, "producto": 24, "cantidad": 5, "presentacion": "", "precio_unitario_venta": "3500.00", "subtotal": "17500.00"}}, {"model": "ventas.detallepedido", "pk": 16, "fields": {"pedido": 13, "producto": 28, "cantidad": 7, "presentacion": "", "precio_unitario_venta": "4000.00", "subtotal": "28000.00"}}, {"model": "ventas.detallepedido", "pk": 17, "fields": {"pedido": 2, "producto": 32, "cantidad": 3, "presentacion": "", "precio_unitario_venta": "4000.00", "subtotal": "12000.00"}}, {"model": "ventas.detallepedido", "pk": 18, "fields": {"pedido": 2, "producto": 21, "cantidad": 2, "presentacion": "", "precio_unitario_venta": "4500.00", "subtotal": "9000.00"}}, {"model": "ventas.detallepedido", "pk": 19, "fields": {"pedido": 16, "producto": 2, "cantidad": 1, "presentacion": "", "precio_unitario_venta": "12000.00", "subtotal": "12000.00"}}, {"model": "ventas.detallepedido", "pk": 20, "fields": {"pedido": 16, "producto": 2, "cantidad": 1, "presentacion": "x15", "precio_unitario_venta": "12000.00", "subtotal": "12000.00"}}, {"model": "ventas.detallepedido", "pk": 21, "fields": {"pedido": 16, "producto": 2, "cantidad": 1, "presentacion": "x6", "precio_unitario_venta": "12000.00", "subtotal": "12000.00"}}, {"model": "ventas.detallepedido", "pk": 22, "fields": {"pedido": 16, "producto": 16, "cantidad": 1, "presentacion": "", "precio_unitario_venta": "2500.00", "subtotal": "2500.00"}}, {"model": "ventas.detallepedido", "pk": 23, "fields": {"pedido": 16, "producto": 17, "cantidad": 1, "presentacion": "", "precio_unitario_venta": "3000.00", "subtotal": "3000.00"}}, {"model": "ventas.detallepedido", "pk": 24, "fields": {"pedido": 16, "producto": 20, "cantidad": 1, "presentacion": "", "precio_unitario_venta": "2000.00", "subtotal": "2000.00"}}]
